Machine_ID,Machine_Type,Operating_Hours,Ambient_Temperature (Â°C),Vibration_Level (mm/s),Maintenance_Overdue (days),Tool_Wear (mm),Error_Code,Failure
M008,Router,1924,29,6.1,2,0.15,E404,False
M004,Grinder,2076,24,5.3,30,0.07,E501,False
M001,Router,2053,23,6.5,3,0.09,E501,False
M003,Milling,1739,26,6.2,49,0.2,E501,False
M003,Router,824,30,5.2,0,0.15,E305,True
M003,Lathe,811,24,5.1,3,0.12,E404,False
M003,Router,2547,23,6.9,44,0.05,E501,True
M002,Grinder,1728,30,7.8,48,0.22,E404,True
M002,Milling,900,29,5.1,49,0.18,E501,True
M003,Lathe,1217,27,5.2,39,0.14,E101,False
M006,Router,2542,26,9.0,47,0.2,E501,False
M008,Grinder,2890,30,7.3,55,0.16,E501,False
M002,Grinder,2896,30,5.4,19,0.2,E202,True
M001,Grinder,1277,29,6.6,2,0.17,E305,False
M002,Router,2971,26,6.5,24,0.07,E501,False
M003,Router,2526,31,7.6,24,0.14,E101,False
M001,Lathe,1500,27,5.9,46,0.05,E404,True
M007,Grinder,2120,29,3.8,30,0.05,E305,False
M003,Grinder,2410,31,7.4,58,0.1,E404,True
M002,Grinder,2759,27,5.0,56,0.18,E101,True
M010,Milling,3088,30,5.0,51,0.16,E404,False
M002,Milling,1851,23,5.6,13,0.16,E501,False
M004,Milling,2196,22,7.3,10,0.21,E305,False
M003,Milling,3100,23,4.0,14,0.18,E305,False
M008,Router,1662,22,9.1,52,0.16,E404,False
M007,Router,1103,27,3.6,27,0.2,E305,True
M003,Lathe,2538,30,7.6,35,0.1,E305,False
M003,Grinder,2629,23,5.4,35,0.1,E101,True
M001,Grinder,841,25,5.2,21,0.07,E305,True
M010,Grinder,2497,27,4.9,10,0.07,E202,True
M010,Lathe,2677,24,6.1,38,0.11,E404,False
M007,Router,2100,29,6.7,25,0.07,E305,True
M007,Milling,2456,28,7.6,51,0.21,E202,False
M009,Router,1095,31,8.2,26,0.1,E101,True
M003,Milling,2054,22,7.7,2,0.11,E101,True
M005,Lathe,1396,31,7.9,28,0.06,E202,False
M003,Lathe,892,31,5.7,45,0.13,E202,True
M005,Router,2252,29,3.9,10,0.2,E101,False
M010,Milling,2959,27,6.7,8,0.2,E101,False
M005,Grinder,1847,31,3.6,41,0.19,E202,False
M003,Milling,2164,28,6.3,48,0.14,E101,False
M003,Router,1899,26,5.0,4,0.11,E305,True
M005,Milling,2196,22,5.3,46,0.17,E404,True
M001,Router,2326,30,7.8,29,0.2,E101,False
M010,Grinder,1339,29,6.8,30,0.2,E404,True
M007,Grinder,2530,25,8.0,41,0.19,E202,False
M006,Milling,960,23,8.3,18,0.21,E404,True
M006,Router,1615,26,4.2,28,0.17,E305,False
M009,Grinder,2150,31,3.9,22,0.18,E202,True
M007,Router,842,31,6.7,31,0.11,E501,False
M001,Lathe,2189,23,4.0,42,0.14,E501,True
M003,Grinder,1931,25,5.6,41,0.16,E305,False
M010,Lathe,1877,26,8.2,57,0.21,E501,False
M008,Lathe,3096,24,5.6,55,0.06,E101,True
M007,Router,2174,31,4.7,10,0.15,E305,False
M007,Milling,2511,30,8.1,35,0.06,E202,True
M004,Grinder,1759,24,7.3,22,0.22,E305,False
M003,Lathe,1136,24,8.6,34,0.1,E501,True
M002,Router,1660,25,7.0,37,0.18,E404,False
M007,Lathe,3160,25,6.8,46,0.06,E404,False
M007,Lathe,1826,31,4.4,35,0.2,E305,True
M010,Grinder,815,28,6.6,0,0.22,E501,False
M008,Router,2218,30,7.9,25,0.21,E404,True
M004,Grinder,2284,25,4.4,54,0.2,E404,False
M005,Grinder,3108,30,3.7,2,0.2,E305,True
M002,Router,1300,30,6.7,6,0.07,E501,True
M010,Lathe,1137,25,7.5,48,0.09,E501,False
M001,Lathe,3148,30,3.9,18,0.19,E305,False
M007,Lathe,2212,28,4.0,31,0.22,E501,True
M002,Lathe,2131,27,3.8,49,0.12,E501,True
M010,Router,1186,22,5.1,59,0.16,E202,True
M002,Router,1910,28,5.2,44,0.14,E404,True
M007,Lathe,2172,27,5.0,45,0.09,E404,False
M008,Lathe,3070,25,7.1,54,0.1,E501,False
M007,Milling,904,28,7.6,45,0.06,E501,True
M005,Router,2802,29,6.9,48,0.06,E101,True
M007,Router,2817,28,8.3,12,0.06,E202,False
M002,Milling,1197,29,5.8,8,0.1,E404,True
M010,Grinder,858,27,8.8,25,0.14,E101,False
M009,Lathe,1455,29,6.8,11,0.2,E101,False
M009,Grinder,2139,23,5.9,15,0.06,E305,False
M003,Grinder,2330,30,3.8,45,0.12,E202,True
M008,Milling,2720,29,6.6,18,0.16,E404,False
M002,Grinder,1767,30,9.0,24,0.19,E501,True
M009,Grinder,3010,24,6.4,59,0.12,E501,True
M006,Lathe,2082,29,4.3,50,0.07,E501,True
M008,Router,1263,29,4.6,20,0.11,E501,False
M010,Router,1896,31,7.8,20,0.11,E202,True
M008,Milling,3116,28,8.2,35,0.13,E501,False
M001,Milling,1462,23,5.4,10,0.1,E404,True
M005,Lathe,2313,26,6.8,8,0.08,E305,True
M009,Router,1272,30,3.9,24,0.08,E501,False
M004,Lathe,1244,31,5.0,44,0.22,E101,True
M008,Lathe,863,25,5.5,16,0.21,E305,True
M001,Milling,2408,26,8.0,52,0.15,E101,True
M010,Milling,2105,25,4.2,12,0.15,E101,True
M006,Router,2554,24,7.3,40,0.15,E305,True
M004,Grinder,2291,22,6.6,37,0.08,E101,False
M007,Milling,2839,25,4.9,57,0.13,E501,True
M004,Lathe,1047,26,6.2,10,0.17,E202,False
M003,Grinder,2000,24,7.9,56,0.16,E101,True
M003,Router,1760,23,6.4,5,0.14,E404,True
M005,Router,1344,30,6.2,57,0.14,E404,False
M004,Lathe,878,25,6.1,59,0.18,E101,True
M009,Lathe,1467,30,7.5,46,0.19,E404,True
M009,Grinder,2404,26,7.9,12,0.08,E101,True
M004,Lathe,1148,30,9.0,35,0.17,E501,True
M003,Router,1945,25,6.4,30,0.19,E202,False
M003,Grinder,2264,30,3.9,32,0.18,E305,False
M006,Router,1504,29,5.9,60,0.09,E202,False
M009,Lathe,1855,25,4.4,43,0.17,E404,False
M001,Milling,1319,31,7.1,54,0.16,E404,True
M007,Lathe,2349,30,4.3,25,0.1,E501,True
M003,Milling,1219,24,4.1,58,0.22,E501,True
M008,Lathe,831,31,8.2,37,0.15,E305,True
M009,Milling,947,22,7.5,50,0.21,E101,False
M002,Router,907,22,3.8,52,0.06,E202,False
M010,Lathe,3192,29,7.2,59,0.17,E305,False
M005,Milling,1507,28,7.1,10,0.21,E404,False
M009,Milling,3200,24,5.2,22,0.17,E404,False
M002,Router,980,30,7.8,38,0.11,E305,False
M001,Grinder,3180,28,6.7,52,0.15,E101,False
M005,Milling,2283,27,7.2,31,0.11,E101,True
M005,Grinder,911,25,7.1,33,0.11,E305,True
M010,Router,2468,29,7.6,17,0.05,E305,False
M003,Milling,1205,27,3.8,12,0.06,E101,False
M004,Router,2804,25,6.8,26,0.09,E202,True
M003,Router,1190,31,4.4,25,0.12,E305,True
M002,Grinder,3173,26,4.2,22,0.11,E404,True
M009,Milling,1528,29,7.9,4,0.17,E404,True
M005,Milling,989,26,9.1,32,0.07,E501,True
M001,Router,992,30,8.6,48,0.19,E404,False
M010,Milling,2364,23,8.3,58,0.1,E404,True
M001,Milling,1760,24,6.5,43,0.16,E305,True
M009,Milling,952,24,5.5,34,0.14,E501,False
M004,Router,2991,26,7.8,39,0.18,E101,False
M005,Milling,1300,26,7.7,14,0.2,E404,True
M003,Router,1723,27,4.7,37,0.1,E305,True
M010,Grinder,1346,25,6.5,45,0.11,E501,False
M009,Lathe,1353,26,8.1,49,0.17,E202,True
M005,Grinder,1845,22,8.7,50,0.1,E101,True
M003,Grinder,2256,27,8.1,5,0.22,E101,True
M007,Milling,1265,29,6.4,27,0.19,E404,False
M009,Lathe,1233,26,9.0,4,0.09,E404,False
M005,Router,2020,23,8.6,8,0.21,E305,False
M004,Router,2233,23,3.8,60,0.22,E404,False
M008,Router,2394,30,8.6,23,0.14,E501,True
M006,Router,813,22,4.5,20,0.12,E404,False
M010,Grinder,3093,31,7.5,25,0.13,E501,False
M007,Grinder,3186,23,8.6,1,0.05,E501,True
M008,Router,1185,28,5.2,40,0.2,E404,True
M010,Milling,3059,23,4.5,49,0.1,E202,True
M006,Milling,1174,23,6.3,53,0.17,E501,True
M003,Lathe,1906,31,7.9,41,0.19,E202,True
M003,Lathe,1383,23,5.0,22,0.1,E404,True
M003,Router,855,25,9.0,44,0.22,E202,True
M006,Milling,3015,28,4.1,46,0.15,E501,True
M003,Grinder,959,29,4.4,12,0.21,E404,True
M006,Grinder,2814,24,4.8,40,0.19,E305,False
M003,Grinder,2616,28,8.1,6,0.18,E101,True
M006,Grinder,3185,23,8.9,59,0.14,E305,False
M009,Lathe,2147,24,5.1,13,0.07,E101,True
M001,Router,1977,29,6.5,26,0.16,E202,True
M005,Grinder,2588,25,6.2,22,0.15,E305,True
M001,Router,1798,23,5.5,42,0.08,E501,True
M003,Router,1677,27,5.9,1,0.18,E404,False
M007,Grinder,1028,23,4.9,25,0.08,E404,True
M004,Router,2234,29,5.5,1,0.07,E404,True
M004,Lathe,2376,24,9.1,26,0.08,E202,False
M009,Milling,1587,27,6.4,58,0.22,E202,True
M008,Router,2212,24,6.3,2,0.19,E501,False
M002,Lathe,1864,30,3.9,18,0.15,E101,True
M007,Milling,1337,26,4.6,59,0.15,E305,False
M003,Lathe,1474,26,6.9,54,0.11,E501,True
M005,Lathe,1988,26,7.8,6,0.11,E202,True
M006,Milling,2761,22,7.5,55,0.2,E305,False
M001,Lathe,1144,25,7.4,29,0.16,E404,False
M004,Router,884,23,8.2,30,0.15,E101,True
M006,Milling,2103,27,7.2,58,0.19,E202,False
M006,Milling,1393,28,6.7,16,0.2,E305,False
M005,Grinder,1559,22,3.6,41,0.1,E404,True
M003,Milling,858,23,6.3,16,0.11,E501,True
M005,Router,2989,25,5.8,42,0.11,E202,False
M010,Lathe,1109,28,4.9,38,0.2,E101,False
M004,Milling,1169,23,5.1,24,0.05,E202,True
M002,Milling,1760,25,3.6,21,0.18,E101,False
M006,Grinder,2202,30,6.0,36,0.07,E202,False
M006,Milling,2970,27,6.6,15,0.12,E404,True
M002,Router,1857,25,5.4,43,0.06,E202,False
M003,Router,2904,23,4.7,3,0.12,E501,False
M001,Milling,1550,26,3.5,41,0.2,E404,True
M008,Router,1668,25,3.6,4,0.08,E501,False
M009,Router,2623,28,4.7,5,0.13,E305,False
M002,Grinder,1527,28,3.8,38,0.18,E101,False
M007,Grinder,3014,23,6.1,47,0.16,E404,False
M008,Lathe,974,28,4.5,0,0.18,E305,True
M010,Lathe,3085,25,4.9,2,0.09,E501,False
M009,Grinder,1291,22,8.3,49,0.14,E501,False
M003,Grinder,2232,26,6.2,15,0.17,E501,True
M010,Router,1578,22,9.0,50,0.08,E101,False
M001,Router,1792,25,6.6,9,0.17,E305,False
M007,Lathe,2235,23,6.3,8,0.17,E305,False
M001,Milling,3112,26,9.0,51,0.17,E305,True
M010,Milling,2997,31,5.8,42,0.08,E501,True
M009,Grinder,3109,23,6.2,5,0.19,E305,False
M007,Router,2975,26,4.6,11,0.09,E305,False
M006,Router,1241,30,4.4,47,0.22,E101,False
M006,Milling,1712,29,4.4,55,0.11,E202,False
M002,Milling,2441,27,5.3,7,0.12,E202,False
M010,Router,2831,31,8.3,0,0.1,E101,False
M003,Lathe,1367,25,6.4,10,0.13,E202,False
M007,Grinder,2877,22,6.2,38,0.12,E202,True
M002,Lathe,1553,25,4.2,3,0.1,E501,True
M007,Router,2009,27,7.5,21,0.17,E101,False
M010,Lathe,1492,27,5.7,33,0.1,E202,False
M005,Milling,2350,23,6.1,35,0.11,E101,True
M002,Grinder,2929,22,4.9,33,0.14,E404,False
M010,Lathe,2214,31,6.4,5,0.06,E404,True
M003,Router,2591,31,3.5,12,0.12,E501,True
M010,Router,2610,27,4.1,41,0.19,E501,True
M010,Milling,897,22,6.4,52,0.21,E101,True
M008,Grinder,3075,24,6.5,40,0.15,E101,False
M001,Grinder,1539,27,4.6,35,0.15,E101,True
M002,Router,1790,29,6.3,47,0.17,E404,False
M008,Router,2678,30,9.1,3,0.07,E202,False
M009,Milling,1441,28,5.2,52,0.07,E305,False
M001,Grinder,2093,30,6.1,55,0.12,E202,True
M007,Lathe,2698,31,4.2,25,0.1,E101,True
M010,Grinder,2084,25,9.0,54,0.1,E404,True
M006,Milling,1007,26,4.6,9,0.12,E305,True
M001,Milling,1123,31,4.7,42,0.1,E501,False
M003,Lathe,2107,26,6.8,50,0.15,E202,False
M008,Grinder,1356,29,8.2,45,0.2,E101,False
M008,Grinder,2526,27,9.0,28,0.07,E501,True
M007,Milling,3003,24,6.5,53,0.19,E101,True
M002,Grinder,1979,27,6.8,18,0.2,E101,True
M006,Lathe,2478,25,5.4,10,0.12,E404,False
M009,Router,2647,24,6.4,42,0.1,E501,True
M009,Grinder,1483,29,6.8,28,0.06,E404,False
M007,Milling,1606,27,4.4,58,0.2,E501,False
M009,Lathe,2633,29,4.3,16,0.1,E202,False
M006,Router,1700,23,4.7,37,0.05,E501,False
M008,Router,2441,25,8.6,3,0.18,E501,False
M010,Milling,1973,28,4.9,38,0.21,E305,False
M002,Lathe,1980,22,3.6,9,0.13,E501,True
M005,Router,2980,24,7.8,48,0.11,E501,True
M008,Lathe,1502,25,8.3,18,0.17,E501,True
M002,Lathe,852,31,9.1,53,0.05,E305,True
M001,Milling,3010,30,7.4,14,0.1,E404,False
M001,Router,1039,30,6.6,19,0.2,E305,False
M005,Grinder,2513,30,3.7,33,0.1,E404,True
M010,Grinder,2666,26,7.2,30,0.15,E501,True
M009,Milling,3170,29,5.1,41,0.08,E101,False
M006,Milling,1060,25,3.8,2,0.22,E101,False
M005,Router,2414,31,6.2,44,0.05,E404,False
M008,Milling,2208,29,6.7,34,0.15,E202,False
M002,Milling,1153,25,7.8,24,0.21,E101,False
M010,Milling,2725,29,5.5,59,0.17,E202,True
M002,Grinder,2903,24,6.9,13,0.15,E305,True
M001,Milling,2075,27,4.9,30,0.1,E202,True
M004,Router,1822,24,3.6,15,0.15,E305,True
M010,Router,2297,31,6.6,12,0.18,E305,True
M007,Lathe,1591,26,6.2,27,0.22,E404,False
M003,Router,2485,30,9.0,59,0.08,E101,False
M001,Router,2227,28,6.6,19,0.21,E404,False
M010,Milling,838,25,6.4,9,0.12,E101,False
M001,Grinder,1657,29,5.7,53,0.22,E501,True
M009,Lathe,2210,26,9.0,17,0.19,E202,False
M005,Milling,1156,28,7.4,7,0.2,E101,True
M001,Milling,2885,25,6.3,44,0.1,E501,True
M006,Grinder,2176,26,5.2,39,0.16,E305,False
M001,Lathe,1885,26,8.8,0,0.1,E305,False
M008,Router,2675,23,3.9,56,0.15,E501,False
M003,Milling,1940,23,6.9,6,0.06,E305,True
M003,Router,2141,24,8.6,52,0.1,E501,False
M010,Milling,1812,26,4.1,43,0.11,E501,False
M007,Router,2318,24,6.9,43,0.13,E404,False
M010,Grinder,2735,23,9.1,23,0.08,E501,True
M003,Grinder,2085,25,5.7,20,0.19,E404,False
M003,Router,2601,24,4.3,45,0.18,E202,True
M008,Router,972,23,7.9,18,0.1,E404,False
M004,Lathe,1959,24,6.1,47,0.19,E202,True
M008,Grinder,1304,27,7.7,39,0.11,E202,True
M008,Milling,989,30,6.9,4,0.07,E501,False
M010,Lathe,2751,30,9.0,49,0.21,E501,False
M002,Lathe,2400,30,4.7,48,0.19,E404,True
M004,Milling,2413,29,9.0,35,0.06,E305,True
M010,Milling,1706,22,3.9,40,0.18,E101,True
M001,Lathe,2883,22,5.4,35,0.14,E501,False
M006,Grinder,1744,28,6.4,13,0.14,E501,True
M010,Router,1211,23,8.9,9,0.1,E305,True
M007,Lathe,1084,22,7.2,60,0.19,E202,True
M008,Grinder,3096,22,8.0,35,0.11,E404,False
M003,Grinder,1699,29,8.0,37,0.19,E101,False
M001,Lathe,3129,28,4.4,13,0.17,E501,False
M008,Router,949,28,8.0,51,0.1,E101,True
M005,Lathe,1976,31,4.9,15,0.2,E202,False
M010,Milling,1516,30,7.8,44,0.16,E501,False
M007,Lathe,2210,27,6.8,9,0.07,E101,True
M007,Lathe,2515,24,6.3,59,0.22,E501,False
M004,Milling,2406,28,5.2,42,0.19,E501,True
M005,Router,1018,25,4.0,39,0.15,E501,True
M008,Lathe,1279,25,8.0,13,0.22,E404,True
M008,Milling,2670,23,7.4,37,0.1,E202,True
M008,Router,3196,27,8.6,50,0.17,E202,False
M003,Router,2354,28,4.4,18,0.07,E501,True
M007,Router,3030,22,7.9,27,0.15,E305,False
M001,Grinder,1900,29,5.9,19,0.12,E305,True
M005,Milling,2768,28,7.5,12,0.09,E101,False
M005,Milling,2509,31,5.5,10,0.15,E501,False
M006,Grinder,1531,22,5.0,24,0.11,E202,False
M002,Router,2455,27,6.2,31,0.13,E101,False
M002,Grinder,2541,25,7.5,4,0.06,E202,True
M004,Router,2095,29,5.0,36,0.2,E404,True
M003,Milling,2481,30,5.8,6,0.18,E101,False
M001,Router,2392,22,4.8,3,0.12,E305,False
M008,Grinder,2606,24,3.9,54,0.2,E305,False
M006,Milling,2554,26,6.6,41,0.15,E305,True
M003,Lathe,2252,26,5.1,9,0.21,E501,True
M009,Milling,2462,27,7.7,23,0.2,E501,True
M008,Router,1342,26,5.0,9,0.05,E404,True
M007,Grinder,2101,26,5.0,27,0.21,E501,True
M004,Router,1844,28,7.1,18,0.15,E101,True
M007,Lathe,892,28,7.9,36,0.07,E305,True
M010,Lathe,1760,29,6.1,50,0.07,E202,False
M004,Lathe,2038,24,6.2,21,0.18,E404,True
M010,Milling,3009,30,6.5,31,0.07,E404,False
M009,Grinder,2169,24,8.4,28,0.18,E305,True
M004,Lathe,3088,30,8.1,48,0.13,E404,False
M007,Grinder,1002,30,4.3,58,0.18,E202,True
M009,Lathe,2538,22,7.4,27,0.06,E404,True
M005,Grinder,1985,23,8.5,44,0.18,E404,True
M007,Lathe,3005,25,3.6,45,0.14,E305,True
M003,Grinder,2380,23,4.7,8,0.14,E202,True
M001,Lathe,1136,30,6.1,31,0.13,E305,True
M003,Router,2199,28,8.0,1,0.19,E101,True
M010,Milling,1969,25,6.2,15,0.12,E101,True
M008,Milling,1678,31,6.0,56,0.07,E202,False
M004,Grinder,2095,22,5.8,54,0.09,E404,True
M005,Router,1983,30,5.5,58,0.13,E202,False
M009,Lathe,2270,27,5.2,47,0.06,E305,True
M003,Router,1395,24,5.3,23,0.08,E202,False
M004,Grinder,1792,28,4.0,54,0.17,E202,False
M001,Milling,962,31,3.7,9,0.1,E404,True
M004,Milling,3064,22,8.8,5,0.19,E202,False
M003,Milling,2220,25,7.0,22,0.05,E101,True
M006,Router,2444,24,9.0,30,0.16,E305,True
M010,Lathe,3104,22,8.8,24,0.12,E501,True
M004,Grinder,2017,22,3.8,23,0.07,E101,False
M010,Grinder,1671,23,4.3,60,0.19,E202,False
M008,Milling,911,29,4.1,15,0.19,E202,False
M007,Grinder,889,24,5.2,27,0.17,E202,False
M005,Milling,812,23,8.4,16,0.22,E202,True
M001,Lathe,2068,31,6.9,40,0.1,E305,False
M007,Grinder,2204,23,6.4,60,0.13,E501,False
M001,Milling,1308,23,8.8,20,0.06,E404,False
M005,Milling,2336,22,7.8,24,0.17,E404,False
M004,Grinder,2736,25,3.5,7,0.19,E305,False
M004,Lathe,1472,29,8.1,45,0.05,E101,True
M001,Lathe,1692,23,6.3,23,0.06,E305,False
M004,Lathe,2012,28,6.8,22,0.1,E305,True
M004,Lathe,1683,28,5.1,13,0.19,E202,False
M008,Grinder,3123,31,6.4,7,0.1,E404,True
M001,Grinder,2834,22,3.5,16,0.07,E101,True
M001,Router,2632,23,5.6,9,0.19,E501,False
M004,Router,1701,26,5.1,15,0.05,E101,True
M001,Grinder,3031,31,8.9,34,0.14,E202,False
M007,Router,1452,29,4.4,15,0.14,E305,True
M001,Lathe,1715,28,6.1,40,0.13,E202,True
M009,Router,2122,28,6.6,32,0.13,E202,True
M009,Lathe,2481,28,4.8,17,0.15,E501,False
M001,Lathe,1542,25,7.2,7,0.16,E202,True
M001,Milling,986,22,6.6,13,0.14,E501,True
M002,Milling,2719,22,7.9,1,0.17,E501,True
M010,Milling,1926,23,8.5,15,0.14,E501,False
M004,Lathe,2308,30,5.5,53,0.12,E501,False
M003,Lathe,1582,27,4.2,23,0.11,E501,False
M007,Grinder,2395,27,4.0,7,0.06,E404,True
M010,Milling,1361,24,7.6,27,0.17,E404,False
M007,Grinder,2654,30,7.2,42,0.14,E101,True
M001,Router,2766,25,9.2,8,0.13,E501,True
M008,Lathe,1577,28,8.4,49,0.16,E305,True
M005,Lathe,1083,27,6.1,38,0.07,E305,True
M005,Router,1291,23,6.7,40,0.2,E501,False
M010,Grinder,898,29,5.3,37,0.1,E305,True
M001,Milling,1941,22,5.6,4,0.05,E101,False
M008,Router,1664,22,4.3,26,0.14,E305,True
M006,Lathe,1005,25,8.8,13,0.11,E501,False
M002,Router,2587,24,6.6,35,0.12,E501,False
M010,Lathe,2912,27,4.2,55,0.08,E501,True
M004,Lathe,1788,29,4.8,56,0.08,E501,True
M009,Grinder,2574,29,4.6,6,0.09,E101,True
M002,Grinder,1057,25,5.5,16,0.09,E101,False
M006,Router,2949,28,5.9,43,0.2,E202,False
M007,Grinder,2325,23,8.1,41,0.13,E305,True
M007,Lathe,1048,28,7.8,24,0.15,E202,True
M010,Milling,2095,31,4.7,36,0.15,E101,True
M006,Milling,2462,31,4.4,38,0.12,E305,True
M006,Router,1337,29,8.9,28,0.13,E404,False
M004,Grinder,2051,22,6.2,55,0.13,E305,False
M004,Milling,1230,29,8.2,47,0.12,E202,True
M008,Milling,1752,29,6.8,56,0.22,E501,False
M010,Router,2729,31,7.1,49,0.1,E101,False
M010,Grinder,3082,23,4.8,7,0.12,E101,False
M007,Milling,2237,28,3.6,38,0.12,E501,True
M005,Lathe,842,26,5.2,9,0.2,E305,False
M006,Lathe,2085,30,4.2,14,0.06,E101,True
M001,Grinder,1574,26,4.1,22,0.12,E101,False
M001,Router,2027,28,5.8,28,0.17,E101,False
M003,Milling,2632,28,3.8,18,0.16,E202,True
M006,Router,2542,22,5.6,28,0.13,E101,False
M009,Grinder,2387,28,6.9,51,0.11,E202,False
M005,Grinder,1014,30,7.8,43,0.14,E501,False
M005,Router,2472,22,5.5,8,0.11,E501,True
M002,Grinder,2544,24,5.7,49,0.22,E202,True
M009,Lathe,2370,30,4.3,27,0.15,E202,True
M006,Router,2928,27,5.8,8,0.22,E501,False
M008,Lathe,1725,27,3.7,47,0.18,E202,True
M008,Router,2302,22,7.4,33,0.08,E404,False
M010,Grinder,2852,24,5.8,5,0.06,E101,False
M005,Router,1444,29,5.5,12,0.19,E501,False
M003,Milling,2490,24,3.5,51,0.18,E101,False
M010,Lathe,1594,31,8.3,49,0.19,E305,False
M002,Lathe,1851,27,4.6,55,0.11,E202,False
M007,Grinder,3013,25,6.2,28,0.17,E404,False
M003,Lathe,1370,26,5.4,24,0.19,E202,True
M009,Lathe,2878,24,6.2,31,0.14,E305,True
M006,Router,2108,28,7.6,39,0.21,E101,True
M010,Milling,964,28,8.8,33,0.17,E305,False
M004,Lathe,2199,29,5.6,59,0.06,E202,False
M009,Lathe,2137,31,7.3,9,0.17,E501,False
M001,Router,2947,24,4.2,46,0.16,E501,True
M004,Lathe,2374,23,8.8,52,0.17,E305,True
M003,Grinder,1615,30,8.3,6,0.2,E501,True
M004,Milling,1735,24,4.0,38,0.11,E202,True
M008,Grinder,2374,31,7.5,42,0.1,E202,True
M001,Router,3065,24,8.9,4,0.19,E202,False
M004,Milling,2039,28,8.4,24,0.18,E305,False
M010,Grinder,1744,29,3.6,44,0.18,E404,True
M006,Milling,955,25,4.2,54,0.15,E404,True
M005,Milling,1517,23,7.2,47,0.13,E305,True
M003,Lathe,2041,23,6.2,21,0.2,E501,False
M006,Milling,2329,24,8.8,39,0.15,E404,True
M006,Milling,1895,31,4.3,44,0.12,E501,False
M003,Lathe,2084,28,5.2,21,0.15,E501,True
M004,Lathe,2553,27,8.3,10,0.07,E404,True
M004,Router,3017,24,6.1,35,0.16,E305,False
M007,Router,1846,30,6.8,47,0.06,E101,True
M005,Router,2494,26,6.8,26,0.17,E101,True
M001,Lathe,2980,31,8.2,39,0.06,E501,True
M005,Lathe,2358,26,6.9,57,0.17,E202,True
M005,Grinder,1024,25,4.3,36,0.09,E202,False
M004,Grinder,2335,26,5.1,37,0.07,E501,True
M003,Milling,825,26,7.1,22,0.07,E501,True
M008,Milling,1608,22,5.8,59,0.08,E501,False
M005,Grinder,2396,22,5.5,13,0.15,E101,False
M002,Lathe,1345,30,4.6,38,0.2,E501,True
M002,Grinder,1790,27,3.8,24,0.09,E404,False
M001,Milling,837,31,7.9,2,0.18,E202,True
M010,Lathe,2642,30,4.8,29,0.13,E305,False
M003,Milling,2228,23,7.3,34,0.19,E202,True
M008,Router,899,23,6.7,32,0.12,E501,False
M002,Grinder,1946,23,8.9,39,0.17,E305,False
M007,Grinder,3067,24,3.7,57,0.12,E501,True
M002,Lathe,2809,31,8.8,9,0.17,E101,False
M010,Lathe,867,26,6.7,60,0.09,E305,True
M010,Lathe,2694,24,6.0,31,0.13,E101,True
M002,Milling,1457,29,4.0,26,0.05,E202,True
M009,Milling,1764,27,3.6,24,0.22,E202,True
M004,Lathe,2440,23,5.5,12,0.22,E202,True
M007,Router,2570,28,6.1,19,0.2,E202,False
M009,Grinder,2189,22,4.9,30,0.18,E202,False
M001,Lathe,3147,29,7.9,1,0.2,E305,True
M002,Router,2872,31,5.8,7,0.16,E202,False
M007,Lathe,3007,31,3.9,36,0.15,E101,False
M002,Grinder,2339,22,4.1,11,0.11,E404,False
M007,Lathe,2654,23,8.5,55,0.06,E202,True
M003,Grinder,1595,22,8.9,47,0.18,E404,False
M002,Router,1399,31,6.2,52,0.12,E404,True
M006,Lathe,1924,31,8.2,50,0.18,E305,False
M005,Grinder,1197,26,3.9,59,0.15,E101,True
M003,Router,2549,23,9.0,32,0.13,E101,False
M010,Grinder,3099,25,7.9,29,0.08,E101,True
M004,Grinder,3200,25,6.9,34,0.06,E404,True
M003,Lathe,2745,27,8.7,12,0.08,E305,True
M009,Lathe,3017,25,6.9,38,0.14,E202,False
M008,Router,2342,31,9.0,40,0.08,E101,True
M002,Milling,1723,31,9.1,17,0.16,E404,True
M002,Lathe,3187,28,6.3,52,0.21,E404,True
M004,Lathe,2328,30,8.5,12,0.15,E501,True
M005,Router,3145,24,4.5,4,0.17,E501,False
M004,Lathe,2446,24,4.0,32,0.12,E202,False
M010,Lathe,1657,25,7.8,1,0.12,E101,True
M008,Router,834,26,4.4,33,0.09,E202,True
M005,Lathe,2021,26,7.5,8,0.19,E101,False
M010,Lathe,1450,30,9.0,7,0.13,E202,False
M004,Milling,2050,24,5.5,26,0.07,E404,True
M006,Grinder,1181,22,6.3,15,0.11,E501,True
M010,Milling,1438,26,4.7,5,0.15,E305,False
M008,Milling,2161,25,6.0,37,0.22,E404,False
M008,Router,2885,26,5.0,15,0.2,E101,True
M001,Router,1539,27,5.3,39,0.11,E404,True
M002,Milling,1255,27,7.8,60,0.12,E101,True
M010,Milling,2632,27,5.7,11,0.16,E305,True
M002,Lathe,2573,27,7.9,46,0.13,E202,True
M001,Milling,1603,31,6.6,6,0.05,E101,True
M010,Milling,1429,23,8.8,28,0.07,E305,True
M008,Lathe,1979,23,7.7,17,0.19,E305,True
M009,Lathe,2949,22,8.8,53,0.13,E305,False
M002,Lathe,1792,26,3.9,12,0.18,E501,False
M002,Lathe,1735,27,5.3,3,0.1,E202,True
M004,Lathe,908,28,4.8,36,0.22,E404,True
M009,Router,2468,27,7.2,34,0.06,E101,True
M007,Lathe,1081,25,8.8,55,0.05,E202,False
M005,Grinder,1603,26,7.1,19,0.15,E305,False
M001,Grinder,2064,23,7.5,13,0.12,E202,False
M006,Grinder,2869,29,3.6,15,0.2,E501,False
M004,Router,1809,23,3.9,18,0.11,E101,True
M010,Milling,3152,24,4.4,26,0.08,E501,False
M006,Lathe,2504,23,7.9,60,0.08,E404,False
M008,Grinder,1016,24,7.8,56,0.07,E404,False
M010,Grinder,2333,25,9.0,7,0.16,E404,True
M009,Milling,2984,24,8.2,2,0.12,E501,True
M009,Router,2111,29,4.6,32,0.12,E305,False
M002,Grinder,2767,30,8.2,18,0.11,E501,True
M001,Router,2807,30,7.7,0,0.17,E305,False
M004,Lathe,1576,28,8.9,51,0.06,E404,False
M004,Milling,2827,28,8.1,57,0.08,E305,False
M002,Grinder,2151,29,3.6,57,0.2,E202,True
M007,Grinder,2815,24,7.8,44,0.17,E305,False
M008,Router,1069,26,7.9,42,0.12,E501,True
M001,Milling,1206,22,5.6,25,0.06,E305,False
M008,Milling,2979,25,9.1,33,0.13,E202,False
M005,Milling,1046,31,5.6,15,0.15,E101,False
M003,Grinder,2258,30,3.9,15,0.16,E404,False
M009,Router,1891,22,5.8,11,0.09,E202,False
M005,Milling,1929,28,8.0,37,0.07,E101,True
M005,Milling,2274,29,3.9,47,0.14,E202,False
M006,Lathe,1695,31,5.8,28,0.08,E101,True
M010,Milling,1737,29,6.1,8,0.07,E202,True
M002,Router,1425,22,3.7,10,0.21,E305,False
M001,Lathe,3174,22,5.5,18,0.16,E305,True
M010,Router,3163,29,4.2,51,0.12,E305,False
M006,Milling,1386,26,6.0,33,0.08,E101,False
M009,Lathe,1303,26,7.3,10,0.2,E305,False
M003,Grinder,1300,31,4.7,4,0.09,E404,False
M006,Grinder,1590,26,7.4,2,0.19,E305,True
M009,Grinder,2654,26,4.1,20,0.05,E404,True
M006,Milling,2310,23,4.4,58,0.11,E404,True
M005,Lathe,3104,28,8.8,27,0.11,E305,True
M005,Milling,3053,31,5.8,13,0.06,E101,False
M005,Grinder,1963,26,4.0,44,0.15,E101,True
M010,Lathe,1188,24,8.7,49,0.09,E202,False
M006,Router,2134,24,4.1,4,0.19,E305,False
M003,Router,2310,23,5.3,34,0.16,E501,True
M007,Grinder,2859,28,5.3,49,0.07,E305,False
M004,Lathe,3009,27,7.1,18,0.19,E101,False
M010,Lathe,2278,23,4.2,24,0.2,E101,False
M008,Router,2402,29,6.4,22,0.17,E202,False
M003,Milling,1302,23,7.6,49,0.08,E305,False
M006,Router,2653,24,8.8,0,0.21,E404,True
M007,Lathe,990,30,4.6,24,0.14,E501,False
M007,Router,1751,24,4.5,10,0.16,E202,True
M005,Grinder,3168,22,5.3,38,0.13,E101,False
M010,Lathe,1190,25,3.8,54,0.2,E101,True
M008,Router,2163,23,8.3,21,0.2,E202,True
M002,Grinder,1083,24,7.4,53,0.16,E202,False
M007,Grinder,1447,28,6.2,3,0.19,E404,False
M008,Grinder,2032,27,4.6,12,0.08,E404,True
M006,Grinder,2058,24,5.5,1,0.16,E202,True
M002,Grinder,2765,22,3.7,41,0.22,E501,False
M009,Lathe,2038,29,5.9,0,0.2,E202,True
M003,Lathe,2736,29,8.4,16,0.15,E305,True
M002,Lathe,2380,25,7.4,48,0.08,E305,True
M008,Milling,1113,26,8.6,34,0.2,E501,True
M004,Lathe,1830,22,8.9,18,0.06,E501,True
M008,Router,1629,29,6.8,28,0.08,E101,False
M004,Lathe,2267,24,6.3,41,0.19,E501,True
M010,Grinder,977,30,5.1,31,0.06,E202,False
M006,Grinder,1406,30,6.7,27,0.17,E404,True
M003,Grinder,2432,30,8.2,49,0.18,E305,False
M007,Router,2760,27,5.1,33,0.09,E305,True
M001,Grinder,3000,25,5.5,29,0.2,E305,False
M009,Router,3085,22,8.0,11,0.06,E501,False
M005,Lathe,1074,23,4.5,8,0.18,E305,True
M001,Lathe,3068,27,5.4,50,0.18,E202,False
M008,Router,1414,30,7.7,51,0.14,E404,True
M009,Router,1363,25,6.4,48,0.2,E202,True
M009,Router,1681,31,8.2,58,0.17,E404,False
M003,Router,1824,24,6.9,30,0.17,E501,True
M005,Router,833,31,5.3,28,0.16,E101,False
M007,Router,1193,27,3.7,39,0.14,E101,False
M009,Grinder,2472,26,8.7,1,0.18,E404,False
M004,Router,2076,30,7.4,19,0.09,E305,False
M001,Router,1546,24,8.7,17,0.18,E305,True
M008,Grinder,2185,27,3.6,38,0.11,E404,True
M009,Router,2601,31,7.7,53,0.1,E501,True
M009,Router,3019,23,3.8,20,0.18,E202,True
M006,Grinder,1163,22,8.3,42,0.15,E101,False
M005,Lathe,2139,24,6.4,57,0.12,E501,True
M003,Grinder,1758,23,3.6,40,0.13,E305,True
M004,Grinder,3040,22,4.5,27,0.16,E404,False
M006,Router,1593,29,5.6,60,0.13,E501,True
M004,Grinder,2478,27,8.0,4,0.21,E101,False
M004,Lathe,2832,28,8.1,39,0.07,E305,True
M009,Router,1308,29,9.2,24,0.06,E101,False
M004,Lathe,3096,29,5.0,8,0.15,E305,True
M002,Grinder,2970,23,8.9,31,0.08,E101,False
M009,Lathe,2149,28,4.2,2,0.19,E202,False
M006,Grinder,945,29,8.3,41,0.07,E305,False
M010,Lathe,2157,27,8.3,10,0.11,E101,True
M002,Router,803,29,6.1,53,0.13,E202,True
M002,Milling,3199,22,7.5,17,0.2,E404,True
M003,Milling,877,29,5.5,56,0.15,E305,False
M001,Milling,1452,29,4.3,4,0.08,E404,False
M009,Grinder,816,31,8.3,4,0.2,E404,True
M003,Grinder,2813,28,3.8,19,0.17,E404,False
M005,Router,2075,25,4.6,29,0.2,E202,False
M002,Router,1183,26,7.1,15,0.15,E404,True
M003,Router,1901,31,4.3,38,0.05,E101,False
M007,Lathe,1542,30,8.1,50,0.19,E101,False
M007,Grinder,3118,26,4.6,29,0.14,E404,False
M008,Lathe,1030,28,7.2,60,0.2,E305,True
M003,Lathe,3170,22,7.6,38,0.16,E501,False
M009,Milling,1404,29,8.7,33,0.1,E202,False
M008,Grinder,1757,25,8.4,46,0.21,E501,False
M006,Lathe,2587,30,4.5,23,0.1,E305,False
M010,Lathe,2007,29,7.0,36,0.15,E101,True
M010,Milling,2605,24,4.3,13,0.17,E501,True
M003,Milling,3149,29,6.3,25,0.21,E501,True
M001,Lathe,1600,31,8.3,50,0.19,E305,False
M007,Lathe,2605,25,4.7,22,0.15,E202,False
M009,Grinder,2862,22,7.1,40,0.21,E501,True
M007,Grinder,1048,22,7.8,39,0.16,E501,True
M007,Grinder,3015,30,7.1,54,0.2,E404,False
M002,Grinder,2518,27,7.8,35,0.14,E101,True
M002,Lathe,1841,23,4.7,47,0.13,E305,False
M004,Milling,1570,31,4.9,40,0.15,E404,True
M003,Router,2789,28,7.0,58,0.09,E305,True
M007,Milling,903,23,8.0,53,0.2,E101,True
M003,Lathe,1236,31,7.8,5,0.21,E202,False
M004,Lathe,2530,23,5.8,30,0.09,E501,True
M009,Grinder,2831,24,4.7,20,0.11,E501,False
M002,Router,2381,30,5.9,50,0.13,E501,True
M001,Milling,1435,26,4.1,21,0.08,E202,True
M008,Lathe,1339,29,6.6,10,0.2,E101,False
M007,Milling,1620,25,8.4,6,0.05,E305,False
M009,Grinder,2359,27,5.2,7,0.2,E202,True
M002,Milling,1898,22,6.4,46,0.15,E501,True
M008,Grinder,1796,29,4.0,41,0.16,E101,False
M006,Router,2206,22,4.0,38,0.06,E101,True
M007,Lathe,2228,29,7.3,22,0.15,E501,True
M001,Lathe,1405,31,8.9,36,0.17,E101,True
M009,Lathe,2724,25,7.2,49,0.17,E101,True
M009,Milling,1792,25,5.2,6,0.09,E404,False
M006,Milling,1472,25,6.3,9,0.16,E202,True
M002,Milling,1801,23,8.1,54,0.14,E305,True
M005,Grinder,1015,26,6.8,41,0.05,E101,False
M004,Lathe,2983,22,7.3,10,0.13,E501,True
M001,Milling,1547,29,7.2,54,0.21,E404,False
M002,Router,1058,29,3.6,47,0.15,E404,True
M006,Lathe,1600,28,4.8,9,0.14,E101,False
M006,Router,2878,23,4.7,12,0.13,E202,False
M006,Grinder,2191,30,3.9,43,0.05,E501,True
M010,Milling,1330,23,4.7,60,0.07,E305,False
M007,Lathe,1743,29,5.7,21,0.05,E404,True
M008,Router,979,25,7.0,9,0.11,E404,True
M003,Milling,2374,27,5.9,6,0.11,E501,True
M001,Milling,1613,27,7.9,3,0.1,E501,True
M001,Grinder,1577,22,6.9,58,0.17,E404,True
M001,Grinder,2302,30,7.0,49,0.17,E305,False
M001,Milling,1672,31,6.3,15,0.1,E404,False
M002,Milling,1799,23,3.9,2,0.14,E404,True
M008,Grinder,1061,30,5.3,57,0.16,E501,True
M001,Grinder,1848,27,4.9,32,0.12,E501,False
M008,Grinder,1650,26,4.4,48,0.19,E101,True
M008,Grinder,2065,24,7.4,15,0.17,E202,True
M004,Lathe,969,24,8.5,45,0.2,E305,True
M001,Milling,1900,24,6.9,12,0.17,E404,False
M004,Router,2949,25,4.8,3,0.19,E404,False
M007,Lathe,3041,25,9.2,58,0.07,E501,True
M008,Milling,1369,25,6.4,60,0.22,E101,True
M006,Grinder,2401,23,4.1,11,0.08,E404,False
M005,Router,2332,30,8.7,37,0.17,E404,False
M006,Milling,996,24,7.8,26,0.18,E101,False
M007,Grinder,2410,31,5.1,25,0.22,E501,True
M004,Milling,1559,24,8.6,35,0.17,E305,False
M009,Router,890,22,5.5,43,0.18,E202,True
M009,Router,996,24,4.4,19,0.21,E305,True
M007,Milling,2255,28,8.4,33,0.18,E101,True
M007,Router,2589,23,7.8,56,0.06,E305,False
M006,Grinder,3149,28,4.4,24,0.22,E404,False
M003,Milling,3163,25,9.0,34,0.1,E101,True
M009,Milling,2528,28,9.0,59,0.1,E202,True
M005,Lathe,933,23,8.6,48,0.15,E305,True
M002,Router,3154,26,5.2,11,0.16,E305,False
M001,Grinder,2179,27,7.1,46,0.13,E404,True
M006,Milling,2284,23,5.1,58,0.21,E404,False
M006,Milling,2819,23,6.8,40,0.12,E501,True
M006,Milling,1875,29,4.8,53,0.09,E305,True
M007,Grinder,2739,29,6.6,42,0.12,E101,False
M010,Milling,2530,25,4.4,44,0.08,E501,False
M003,Router,2625,24,7.5,22,0.07,E404,True
M001,Grinder,3070,23,6.7,22,0.17,E404,True
M005,Router,2718,28,8.2,50,0.17,E101,True
M009,Router,2261,25,7.4,6,0.19,E101,True
M006,Router,3093,29,5.3,3,0.12,E101,False
M001,Router,1018,30,7.5,41,0.1,E305,True
M001,Grinder,1266,27,5.6,41,0.16,E404,False
M005,Milling,1833,28,6.2,16,0.14,E101,True
M006,Router,1066,28,4.1,40,0.06,E305,False
M005,Milling,1158,29,4.2,42,0.13,E202,False
M008,Grinder,2452,22,6.2,46,0.17,E101,True
M010,Grinder,1458,28,7.1,0,0.16,E305,True
M004,Router,1541,24,4.9,6,0.2,E305,False
M008,Router,2911,27,4.1,10,0.15,E202,True
M007,Router,2682,22,6.1,1,0.07,E101,False
M002,Lathe,1535,29,5.6,60,0.17,E404,True
M008,Grinder,1833,27,6.7,18,0.05,E202,True
M002,Router,1766,30,8.6,52,0.17,E404,False
M009,Lathe,2712,28,7.3,43,0.1,E101,True
M006,Milling,2679,22,4.5,49,0.13,E101,False
M009,Milling,1361,26,5.6,33,0.2,E101,True
M009,Milling,2602,23,3.7,12,0.12,E101,True
M007,Lathe,1071,29,5.1,30,0.15,E501,True
M004,Milling,2289,27,7.9,15,0.13,E202,False
M010,Router,2234,26,6.4,39,0.16,E101,False
M004,Grinder,2748,25,8.5,2,0.12,E404,True
M007,Grinder,2017,25,6.2,1,0.09,E202,False
M003,Grinder,1916,29,6.8,12,0.19,E305,False
M005,Milling,2009,26,6.6,55,0.11,E101,True
M001,Lathe,2369,25,7.1,59,0.12,E202,False
M001,Milling,2795,29,6.4,19,0.13,E202,True
M005,Milling,2713,22,4.5,14,0.13,E404,False
M009,Grinder,1521,23,6.5,7,0.13,E305,True
M004,Router,2585,25,7.2,25,0.07,E404,True
M001,Grinder,1685,22,5.0,4,0.21,E305,True
M001,Milling,2866,23,8.5,38,0.09,E101,True
M002,Milling,1697,27,3.6,34,0.13,E101,True
M007,Lathe,2838,29,6.6,37,0.06,E202,False
M010,Router,861,30,6.0,42,0.11,E305,True
M007,Router,1369,25,7.2,43,0.13,E101,False
M009,Grinder,855,31,6.5,4,0.06,E202,True
M009,Grinder,982,30,8.3,13,0.12,E305,True
M004,Router,2599,23,5.3,28,0.08,E501,False
M010,Lathe,3079,28,7.4,46,0.17,E501,True
M008,Lathe,2749,30,8.8,20,0.13,E404,True
M006,Router,2546,22,7.2,50,0.15,E202,True
M004,Lathe,2301,30,8.0,42,0.11,E501,True
M010,Milling,2251,26,5.9,43,0.14,E404,True
M007,Milling,2503,31,8.5,21,0.06,E305,True
M007,Router,2047,23,6.8,11,0.11,E202,False
M002,Milling,1357,22,3.9,26,0.15,E501,True
M007,Grinder,1871,27,4.0,38,0.14,E501,False
M010,Grinder,2545,31,7.3,38,0.1,E404,False
M003,Lathe,2324,28,5.7,0,0.22,E501,False
M008,Milling,1103,31,7.1,37,0.11,E305,False
M010,Milling,2996,29,8.5,42,0.14,E305,False
M005,Router,2365,25,6.5,58,0.21,E202,False
M010,Lathe,2042,24,6.6,14,0.11,E501,True
M007,Router,1475,24,5.6,60,0.14,E202,False
M005,Milling,1493,28,7.7,2,0.14,E202,False
M009,Milling,2118,30,7.7,48,0.07,E101,True
M002,Grinder,2871,22,8.0,54,0.12,E501,True
M004,Lathe,3104,29,6.9,8,0.19,E101,True
M001,Milling,2115,28,4.9,17,0.22,E305,True
M003,Milling,3046,24,8.2,0,0.1,E202,False
M010,Grinder,2529,22,6.8,32,0.13,E101,True
M001,Lathe,2246,26,7.1,40,0.16,E501,False
M001,Grinder,3054,25,4.4,7,0.17,E202,False
M002,Milling,1431,22,3.8,26,0.14,E305,True
M010,Lathe,1131,23,5.8,7,0.06,E501,True
M009,Router,3127,25,7.8,53,0.18,E202,True
M001,Milling,2042,23,6.1,25,0.19,E501,True
M002,Milling,2209,24,4.6,1,0.1,E305,True
M005,Grinder,2325,28,4.1,42,0.05,E202,False
M007,Router,3138,25,4.7,26,0.21,E501,False
M004,Lathe,2118,23,7.1,5,0.16,E501,False
M007,Milling,1672,24,4.8,23,0.05,E404,True
M002,Lathe,2190,26,9.0,7,0.09,E501,True
M002,Grinder,2894,23,7.7,14,0.11,E305,False
M001,Router,2356,28,8.6,42,0.08,E101,True
M009,Lathe,2458,23,6.6,2,0.08,E305,True
M010,Lathe,980,27,6.5,1,0.17,E202,False
M009,Router,2496,28,6.2,18,0.15,E501,False
M007,Router,1041,26,7.7,26,0.08,E202,True
M008,Lathe,2421,30,4.7,0,0.16,E404,True
M010,Lathe,1693,31,6.0,9,0.21,E305,True
M001,Router,2632,27,4.9,3,0.11,E501,False
M002,Lathe,940,31,5.0,51,0.2,E404,True
M003,Grinder,1949,28,4.6,56,0.2,E202,True
M007,Milling,2371,25,3.9,60,0.1,E202,False
M005,Router,1736,27,7.8,57,0.18,E202,True
M002,Lathe,925,25,3.6,5,0.06,E202,False
M008,Router,2565,25,4.3,7,0.11,E305,True
M006,Lathe,2543,26,3.8,24,0.07,E305,False
M004,Lathe,1455,29,8.7,14,0.08,E404,False
M008,Milling,2273,24,6.2,19,0.18,E404,False
M002,Router,1663,25,8.4,38,0.05,E101,True
M001,Router,1622,25,5.9,23,0.12,E305,True
M006,Lathe,3017,28,6.6,16,0.18,E501,False
M009,Router,1334,23,6.2,20,0.21,E101,True
M006,Router,2116,22,4.7,22,0.2,E404,False
M009,Milling,894,27,4.5,41,0.11,E305,False
M006,Router,1954,27,5.3,39,0.14,E305,False
M008,Milling,1413,28,8.7,10,0.19,E501,False
M008,Grinder,1894,26,7.0,16,0.11,E202,False
M003,Milling,2979,23,6.7,49,0.17,E501,True
M006,Milling,3140,27,4.9,57,0.08,E404,False
M005,Router,2049,22,8.9,35,0.08,E101,False
M004,Router,1756,22,5.6,1,0.07,E404,False
M004,Grinder,1233,31,5.3,52,0.18,E305,True
M007,Router,2756,22,9.1,41,0.11,E305,False
M008,Router,3100,22,9.2,58,0.15,E202,False
M006,Lathe,2690,31,4.5,18,0.05,E501,True
M001,Lathe,1509,23,7.7,44,0.19,E305,True
M001,Router,2648,30,6.2,48,0.07,E501,True
M008,Grinder,1928,31,7.4,12,0.16,E501,True
M008,Grinder,2367,30,6.0,12,0.11,E404,True
M008,Milling,2516,26,5.4,2,0.09,E404,True
M001,Grinder,2987,30,8.8,11,0.12,E404,True
M005,Router,1577,26,8.6,51,0.18,E202,False
M001,Grinder,2220,29,4.7,43,0.14,E305,True
M002,Router,2829,27,6.8,14,0.07,E501,False
M002,Grinder,1400,25,3.9,2,0.15,E305,False
M002,Grinder,1425,25,4.9,39,0.15,E501,True
M005,Milling,2291,22,4.7,0,0.2,E202,True
M007,Grinder,2831,25,9.1,7,0.07,E202,True
M009,Router,3145,23,9.1,57,0.12,E501,True
M005,Milling,2921,22,8.8,53,0.08,E404,True
M002,Grinder,1949,25,7.3,45,0.17,E101,True
M009,Router,2127,26,4.0,16,0.2,E305,False
M003,Milling,2379,28,7.8,17,0.08,E501,False
M008,Lathe,828,25,3.9,59,0.07,E101,True
M005,Lathe,801,28,4.7,56,0.12,E305,False
M001,Router,1411,31,6.3,40,0.19,E404,True
M002,Grinder,894,28,4.1,0,0.21,E404,True
M003,Router,1925,22,5.6,39,0.09,E404,True
M007,Router,3046,22,4.3,40,0.2,E501,True
M007,Milling,1555,31,8.8,38,0.07,E305,False
M010,Milling,2726,28,4.6,9,0.09,E101,False
M009,Milling,830,25,5.7,8,0.12,E501,False
M008,Milling,2484,31,5.6,31,0.14,E305,True
M006,Grinder,3124,27,3.9,20,0.21,E305,False
M004,Grinder,2903,24,9.1,10,0.18,E404,False
M001,Milling,1788,26,4.2,51,0.09,E101,False
M008,Milling,1475,25,8.3,52,0.18,E101,True
M009,Router,3094,31,7.2,47,0.11,E501,True
M006,Milling,853,26,6.4,31,0.11,E305,False
M004,Lathe,1661,24,6.8,22,0.16,E101,False
M004,Milling,1949,23,8.9,48,0.19,E404,False
M009,Lathe,2723,22,8.5,15,0.2,E101,True
M010,Milling,1107,22,5.9,37,0.08,E404,False
M002,Lathe,2714,23,8.6,33,0.11,E501,False
M009,Grinder,1716,31,5.7,55,0.16,E101,True
M008,Grinder,2509,26,8.6,41,0.13,E501,False
M007,Lathe,982,22,6.5,24,0.19,E305,True
M007,Grinder,3174,30,6.0,60,0.18,E404,False
M008,Milling,1393,26,6.9,52,0.16,E501,False
M002,Grinder,933,24,9.1,19,0.14,E202,False
M009,Grinder,1864,30,4.8,26,0.2,E404,True
M004,Grinder,2042,26,3.9,18,0.07,E404,False
M008,Lathe,979,26,4.1,17,0.22,E501,False
M010,Lathe,1696,25,5.8,60,0.09,E404,False
M005,Lathe,2985,22,7.8,44,0.14,E101,True
M004,Grinder,1198,22,4.5,7,0.07,E305,False
M010,Router,2456,30,8.3,7,0.18,E404,False
M002,Milling,1345,29,4.4,47,0.15,E501,True
M009,Milling,1374,28,7.6,44,0.15,E101,True
M005,Grinder,2972,26,5.0,30,0.17,E501,False
M002,Lathe,2600,27,7.2,17,0.22,E101,True
M005,Router,1678,29,5.1,9,0.08,E404,False
M004,Grinder,2964,22,3.8,53,0.14,E202,True
M002,Lathe,2791,29,7.5,18,0.12,E501,True
M001,Router,2444,26,5.8,36,0.19,E501,True
M005,Grinder,1065,25,5.8,0,0.18,E404,False
M003,Router,2262,27,6.2,15,0.14,E501,True
M003,Router,1721,31,5.0,58,0.21,E101,False
M003,Milling,2582,22,8.4,15,0.16,E404,True
M007,Milling,3136,26,8.7,32,0.06,E305,True
M003,Router,1418,23,9.2,52,0.12,E305,False
M010,Router,2732,27,4.2,33,0.17,E404,True
M001,Router,2206,23,5.6,46,0.22,E305,False
M006,Lathe,1752,23,5.4,48,0.2,E202,False
M010,Lathe,3080,27,7.4,21,0.06,E101,True
M003,Grinder,2215,31,5.1,7,0.19,E202,False
M001,Router,2295,27,7.5,21,0.13,E101,False
M004,Grinder,2043,26,8.3,7,0.16,E305,False
M010,Grinder,1744,25,4.5,37,0.16,E101,True
M009,Lathe,2402,22,5.0,20,0.15,E501,False
M001,Lathe,1357,22,7.5,37,0.1,E305,False
M006,Grinder,2437,23,5.9,34,0.19,E305,False
M003,Router,2851,22,8.5,28,0.12,E305,True
M003,Router,1916,27,6.2,38,0.09,E202,True
M004,Router,1789,24,4.1,13,0.21,E404,True
M002,Grinder,1476,31,6.0,4,0.21,E501,False
M009,Lathe,2477,28,5.8,43,0.21,E501,False
M008,Grinder,1182,26,5.1,50,0.17,E404,True
M004,Router,2161,31,3.5,58,0.19,E305,True
M006,Router,1952,30,5.3,37,0.07,E101,False
M001,Milling,1840,28,4.2,2,0.2,E404,True
M005,Grinder,2774,24,8.7,47,0.12,E305,False
M001,Milling,2528,24,4.4,7,0.05,E404,True
M007,Grinder,1027,23,5.1,40,0.05,E305,False
M004,Grinder,1097,23,5.7,57,0.07,E202,True
M008,Lathe,1696,23,8.8,43,0.13,E101,True
M005,Router,827,27,8.7,58,0.18,E501,True
M001,Milling,1142,28,5.5,16,0.2,E305,False
M002,Milling,1343,29,5.1,26,0.22,E501,False
M010,Milling,3046,31,7.9,59,0.09,E202,False
M006,Lathe,1121,23,3.8,2,0.06,E202,True
M006,Router,2307,24,5.3,34,0.13,E305,False
M001,Lathe,1379,27,6.3,45,0.2,E501,False
M007,Lathe,2496,29,6.7,6,0.22,E202,False
M007,Lathe,1284,31,7.9,38,0.21,E202,False
M003,Lathe,1159,22,9.1,56,0.14,E501,False
M008,Router,1364,30,5.5,24,0.18,E305,True
M005,Lathe,2839,31,6.2,21,0.06,E404,False
M005,Lathe,824,31,4.3,28,0.2,E101,False
M003,Lathe,2727,28,7.2,46,0.19,E404,True
M001,Milling,1250,28,4.0,2,0.15,E202,True
M009,Milling,2355,27,5.3,35,0.19,E101,True
M009,Grinder,2787,27,3.6,34,0.11,E101,False
M005,Milling,2382,25,4.0,49,0.1,E404,False
M009,Router,1529,27,3.8,25,0.22,E501,True
M006,Lathe,2918,24,4.4,49,0.19,E404,False
M003,Router,1176,28,7.5,8,0.18,E101,True
M003,Lathe,968,28,8.6,7,0.07,E202,True
M003,Milling,1248,24,4.8,25,0.15,E202,True
M010,Router,2282,23,5.1,5,0.12,E305,False
M003,Milling,2286,22,5.1,48,0.16,E305,True
M003,Router,1585,28,7.2,23,0.14,E305,False
M001,Milling,1139,25,4.9,49,0.06,E501,False
M009,Lathe,1875,26,6.5,57,0.06,E305,False
M005,Lathe,2185,25,8.9,13,0.12,E501,False
M009,Milling,1290,31,4.6,48,0.2,E404,True
M001,Lathe,1191,22,9.1,6,0.14,E202,True
M004,Lathe,2656,23,6.7,34,0.12,E101,False
M002,Grinder,1821,30,6.2,44,0.08,E101,True
M010,Lathe,2335,28,7.9,49,0.15,E501,False
M004,Router,2072,29,4.8,56,0.08,E202,True
M004,Router,1372,30,7.0,47,0.19,E404,False
M004,Router,1311,24,7.3,16,0.18,E202,True
M007,Router,2362,28,4.9,4,0.05,E501,False
M007,Lathe,1817,31,3.9,28,0.15,E404,False
M005,Lathe,2174,27,7.5,19,0.21,E404,False
M001,Milling,3196,27,5.4,14,0.11,E501,True
M001,Milling,2069,27,5.8,13,0.09,E305,False
M010,Lathe,1381,25,7.1,34,0.13,E101,False
M009,Lathe,2884,23,5.4,56,0.05,E101,False
M001,Lathe,1820,26,8.4,17,0.07,E101,True
M008,Lathe,2003,24,5.7,5,0.08,E501,False
M008,Router,996,25,9.1,37,0.05,E404,True
M010,Grinder,1395,25,6.6,46,0.09,E202,False
M009,Router,1758,24,5.7,17,0.16,E202,True
M002,Lathe,1978,27,6.6,17,0.14,E501,False
M001,Lathe,2295,30,7.5,23,0.22,E305,False
M009,Grinder,1812,26,8.2,42,0.19,E202,False
M005,Lathe,2292,23,4.3,33,0.09,E305,False
M008,Router,1948,30,6.6,13,0.11,E305,True
M001,Router,2660,24,4.0,59,0.11,E404,True
M003,Grinder,2690,29,4.1,41,0.12,E202,False
M003,Router,1047,22,4.1,57,0.17,E202,True
M006,Grinder,2189,24,8.3,55,0.07,E101,False
M004,Lathe,1742,23,6.1,7,0.19,E305,False
M009,Lathe,2770,22,9.0,55,0.19,E501,False
M007,Grinder,1627,22,9.0,36,0.22,E501,True
M005,Grinder,1150,27,4.9,7,0.2,E501,False
M008,Lathe,1409,28,7.4,58,0.22,E404,True
M004,Router,885,25,8.9,18,0.17,E501,True
M005,Grinder,3190,30,5.0,22,0.18,E404,True
M005,Milling,1606,23,7.9,45,0.06,E501,False
M006,Lathe,2032,27,6.4,58,0.14,E101,True
M009,Router,2674,26,8.3,15,0.12,E202,True
M004,Lathe,3156,27,4.1,32,0.11,E501,False
M005,Grinder,2553,23,8.6,40,0.13,E305,False
M010,Grinder,2441,26,4.4,41,0.2,E501,False
M002,Lathe,2683,25,7.4,26,0.17,E305,False
M004,Grinder,1229,22,4.8,46,0.1,E101,False
M002,Lathe,1145,22,4.5,43,0.14,E202,False
M006,Grinder,2698,27,7.3,52,0.15,E101,False
M009,Milling,2989,25,5.6,42,0.09,E202,False
M007,Router,2684,27,5.6,23,0.2,E305,False
M003,Milling,1500,29,4.6,7,0.06,E501,True
M002,Lathe,1570,25,7.9,5,0.12,E404,True
M002,Grinder,2317,25,7.7,43,0.17,E101,False
M003,Grinder,1356,23,4.8,12,0.06,E101,False
M001,Grinder,1402,30,3.8,28,0.06,E101,True
M008,Milling,1935,25,7.1,51,0.1,E202,True
M004,Router,2835,22,8.0,26,0.2,E501,False
M010,Lathe,2576,30,3.7,21,0.09,E404,False
M006,Lathe,2120,29,6.7,53,0.11,E305,True
M010,Router,1037,24,9.1,49,0.14,E202,False
M003,Lathe,2552,22,5.2,13,0.12,E202,False
M003,Lathe,2200,29,7.3,32,0.15,E501,False
M002,Milling,1505,23,4.6,58,0.17,E501,True
M003,Router,2919,28,6.0,22,0.08,E404,False
M008,Milling,3196,23,6.5,49,0.09,E202,False
M006,Lathe,1811,23,6.3,56,0.11,E101,False
M002,Router,934,25,5.1,13,0.14,E501,False
